0,Taitung Airport
1,Taitung Airport
2,Taitung Airport
3,Taitung Airport
4,Taitung Airport
5,Taitung Airport
6,Taitung Airport
7,Taitung Airport
8,Campbeltown Airport
9,Alfonso Bonilla Aragon International Airport
10,Francisco de Sá Carneiro Airport
11,Nalchik Airport
12,Liverpool John Lennon Airport
13,Lanzarote Airport
14,Sofia Airport
15,Learmonth Airport
16,Mayor Buenaventura Vivas International Airport
17,Atatürk International Airport
18,Ted Stevens Anchorage International Airport
19,Eindhoven Airport
20,Tri-Cities Regional TN/VA Airport
21,Palma De Mallorca Airport
22,Learmonth Airport
23,General Santos International Airport
24,Naples International Airport
25,Southend Airport
26,Düsseldorf Airport
27,Resistencia International Airport
28,Umeå Airport
29,Taitung Airport
30,Taitung Airport
31,Taitung Airport
32,Taitung Airport
33,Taitung Airport
34,Taitung Airport
35,Taitung Airport
36,Taitung Airport
37,Pinto Martins International Airport
38,"Harstad/Narvik Airport, Evenes"
39,Diagoras Airport
40,(Old) Puerto Peñasco Airport
41,Babelthuap Airport
42,Batumi International Airport
43,Taitung Airport
44,Taitung Airport
45,Taitung Airport
46,Taitung Airport
47,Taitung Airport
48,Taitung Airport
49,Taitung Airport
50,Taitung Airport
51,Taitung Airport
52,Taitung Airport
53,Taitung Airport
54,Taitung Airport
55,Taitung Airport
56,Taitung Airport
57,Taitung Airport
58,Taitung Airport
59,Taitung Airport
60,Taitung Airport
61,Taitung Airport
62,Taitung Airport
63,Taitung Airport
64,Taitung Airport
65,Taitung Airport
66,Taitung Airport
67,Taitung Airport
68,Taitung Airport
69,Taitung Airport
70,Taitung Airport
71,Taitung Airport
72,Taitung Airport
73,Taitung Airport
74,Taitung Airport
75,Taitung Airport
76,Taitung Airport
77,Taitung Airport
78,Taitung Airport
79,Taitung Airport
80,Taitung Airport
81,Taitung Airport
82,Taitung Airport
83,Taitung Airport
84,Taitung Airport
85,Taitung Airport
86,Taitung Airport
87,Taitung Airport
88,Taitung Airport
89,Taitung Airport
90,Taitung Airport
91,Taitung Airport
92,Taitung Airport
93,Taitung Airport
94,Taitung Airport
95,Taitung Airport
96,Taitung Airport
97,Taitung Airport
98,Taitung Airport
99,Taitung Airport
100,Taitung Airport
101,Taitung Airport
102,Taitung Airport
103,Taitung Airport
104,Taitung Airport
105,Taitung Airport
106,Taitung Airport
107,Taitung Airport
108,Taitung Airport
109,Taitung Airport
110,Taitung Airport
111,Taitung Airport
112,Taitung Airport
113,Taitung Airport
114,Taitung Airport
115,Taitung Airport
116,Taitung Airport
117,Taitung Airport
118,Taitung Airport
119,Taitung Airport
120,Taitung Airport
121,Taitung Airport
122,Taitung Airport
123,Taitung Airport
124,Taitung Airport
125,Taitung Airport
126,Taitung Airport
127,Taitung Airport
128,John F Kennedy International Airport
129,Newark Liberty International Airport
130,Los Angeles International Airport
131,La Guardia Airport
132,Chicago O'Hare International Airport
133,McCarran International Airport
134,Hartsfield Jackson Atlanta International Airport
135,Orlando International Airport
136,San Francisco International Airport
137,General Edward Lawrence Logan International Airport
138,Baltimore/Washington International Thurgood Marshall Airport
139,Dallas Fort Worth International Airport
140,Seattle Tacoma International Airport
141,Ronald Reagan Washington National Airport
142,Washington Dulles International Airport
143,Minneapolis-St Paul International/Wold-Chamberlain Airport
144,Denver International Airport
145,Miami International Airport
146,Detroit Metropolitan Wayne County Airport
147,Phoenix Sky Harbor International Airport
148,Daniel K Inouye International Airport
149,Fort Lauderdale Hollywood International Airport
150,Chicago Midway International Airport
151,San Diego International Airport
152,Philadelphia International Airport
153,Tampa International Airport
154,George Bush Intercontinental Houston Airport
155,Portland International Airport
156,Charlotte Douglas International Airport
157,Luis Munoz Marin International Airport
158,Louis Armstrong New Orleans International Airport
159,Cancún International Airport
160,Salt Lake City International Airport
161,Kahului Airport
162,Raleigh Durham International Airport
163,St Louis Lambert International Airport
164,Southwest Florida International Airport
165,John Wayne Airport-Orange County Airport
166,Austin Bergstrom International Airport
167,Kansas City International Airport
168,Norman Y. Mineta San Jose International Airport
169,William P Hobby Airport
170,Indianapolis International Airport
171,Dallas Love Field
172,Pittsburgh International Airport
173,Nashville International Airport
174,Sacramento International Airport
175,General Mitchell International Airport
176,Metropolitan Oakland International Airport
177,San Antonio International Airport
178,Cleveland Hopkins International Airport
179,Palm Beach International Airport
180,Jacksonville International Airport
181,John Glenn Columbus International Airport
182,London Heathrow Airport
183,Sangster International Airport
184,Bradley International Airport
185,Cincinnati Northern Kentucky International Airport
186,Buffalo Niagara International Airport
187,Mc Clellan-Palomar Airport
188,Memphis International Airport
189,Eppley Airfield
190,Lihue Airport
191,Ontario International Airport
192,Lester B. Pearson International Airport
193,Richmond International Airport
194,Ellison Onizuka Kona International At Keahole Airport
195,Long Beach /Daugherty Field/ Airport
196,James M Cox Dayton International Airport
197,Punta Cana International Airport
198,Will Rogers World Airport
199,Licenciado Benito Juarez International Airport
200,Bob Hope Airport
201,Cyril E. King Airport
202,Norfolk International Airport
203,Shanghai Pudong International Airport
204,Las Palmas Air Base
205,Charleston Air Force Base-International Airport
206,Theodore Francis Green State Airport
207,Tucson International Airport
208,Louisville International Standiford Field
209,Albuquerque International Sunport
210,Ninoy Aquino International Airport
211,Gerald R. Ford International Airport
212,Greater Rochester International Airport
213,Reno Tahoe International Airport
214,Ted Stevens Anchorage International Airport
215,Spokane International Airport
216,Syracuse Hancock International Airport
217,Myrtle Beach International Airport
218,Des Moines International Airport
219,Los Cabos International Airport
220,Dublin Airport
221,Charles de Gaulle International Airport
222,Boise Air Terminal/Gowen Field
223,Beijing Capital International Airport
224,Don Miguel Hidalgo Y Costilla International Airport
225,Akron Canton Regional Airport
226,Birmingham-Shuttlesworth International Airport
227,Pensacola Regional Airport
228,Indira Gandhi International Airport
229,Albany International Airport
230,Piedmont Triad International Airport
231,Dane County Regional Truax Field
232,Savannah Hilton Head International Airport
233,Vancouver International Airport
234,Tulsa International Airport
235,Key West International Airport
236,Suvarnabhumi Airport
237,Juan Santamaria International Airport
238,McGhee Tyson Airport
239,Fresno Yosemite International Airport
240,Chhatrapati Shivaji International Airport
241,Lynden Pindling International Airport
242,City of Colorado Springs Municipal Airport
243,Portland International Jetport
244,Manchester-Boston Regional Airport
245,Bill & Hillary Clinton National Airport/Adams Field
246,Adolfo Suárez Madrid–Barajas Airport
247,Frankfurt International Airport
248,Greenville Spartanburg International Airport
249,Palm Springs International Airport
250,Sarasota Bradenton International Airport
251,Wichita Eisenhower National Airport
252,El Paso International Airport
253,Ben Gurion International Airport
254,Leonardo da Vinci International Airport
255,Queen Beatrix International Airport
256,Harrisburg International Airport
257,Hong Kong International Airport
258,Guarulhos - Governador André Franco Montoro International Airport
259,Westchester County Airport
260,Incheon International Airport
261,Barcelona International Airport
262,Amsterdam Airport Schiphol
263,Las Américas International Airport
264,Licenciado Gustavo Díaz Ordaz International Airport
265,Burlington International Airport
266,Monseñor Óscar Arnulfo Romero International Airport
267,Montreal / Pierre Elliott Trudeau International Airport
268,Bishop International Airport
269,El Dorado International Airport
270,Tocumen International Airport
271,Columbia Metropolitan Airport
272,Daytona Beach International Airport
273,Ministro Pistarini International Airport
274,Gallatin Field
275,Blue Grass Airport
276,Rajiv Gandhi International Airport
277,The Eastern Iowa Airport
278,Joe Foss Field Airport
279,Comodoro Arturo Merino Benítez International Airport
280,Calgary International Airport
281,Billings Logan International Airport
282,Sydney Kingsford Smith International Airport
283,Eleftherios Venizelos International Airport
284,Atatürk International Airport
285,La Aurora Airport
286,Huntsville International Carl T Jones Field
287,Jackson-Medgar Wiley Evers International Airport
288,Hector International Airport
289,Destin-Ft Walton Beach Airport
290,Northwest Arkansas Regional Airport
291,Hilo International Airport
292,Mahlon Sweet Field
293,Lehigh Valley International Airport
294,Tallahassee Regional Airport
295,Taiwan Taoyuan International Airport
296,Tan Son Nhat International Airport
297,Northwest Florida Beaches International Airport
298,Cozumel International Airport
299,Springfield Branson National Airport
300,Narita International Airport
301,Wilmington International Airport
302,Rio Galeão – Tom Jobim International Airport
303,Chennai International Airport
304,Austin Straubel International Airport
305,Munich Airport
306,Baton Rouge Metropolitan Airport
307,Quad City International Airport
308,Missoula International Airport
309,Asheville Regional Airport
310,Bellingham International Airport
311,Berlin-Tegel Airport
312,Phoenix-Mesa-Gateway Airport
313,South Bend Regional Airport
314,Gulfport Biloxi International Airport
315,Copenhagen Kastrup Airport
316,Lovell Field
317,Newport News Williamsburg International Airport
318,Mobile Regional Airport
319,Rogue Valley International Medford Airport
320,Norman Manley International Airport
321,Melbourne International Airport
322,Roanoke–Blacksburg Regional Airport
323,Tri Cities Airport
324,Santa Barbara Municipal Airport
325,Manchester Airport
326,Singapore Changi Airport
327,Yeager Airport
328,Augusto C. Sandino (Managua) International Airport
329,Capital City Airport
330,Mariscal Sucre International Airport
331,Princess Juliana International Airport
332,Kempegowda International Airport
333,Bangor International Airport
334,Dubai International Airport
335,Jackson Hole Airport
336,Appleton International Airport
337,Augusta Regional At Bush Field
338,Santiago Municipal Airport
339,Edmonton International Airport
340,Sardar Vallabhbhai Patel International Airport
341,Daniel Oduber Quiros International Airport
342,Fort Wayne International Airport
343,Hewanorra International Airport
344,General Wayne A. Downing Peoria International Airport
345,Wilkes Barre Scranton International Airport
346,Zürich Airport
347,Glacier Park International Airport
348,Billy Bishop Toronto City Centre Airport
349,Fayetteville Regional Grannis Field
350,New York Stewart International Airport
351,Rapid City Regional Airport
352,Shreveport Regional Airport
353,London Gatwick Airport
354,Brussels Airport
355,José Joaquín de Olmedo International Airport
356,Paris-Orly Airport
357,Central Illinois Regional Airport at Bloomington-Normal
358,Henry E Rohlsen Airport
359,Venice Marco Polo Airport
360,Long Island Mac Arthur Airport
361,Gainesville Regional Airport
362,Owen Roberts International Airport
363,Philip S. W. Goldson International Airport
364,Charlottesville Albemarle Airport
365,Trenton Mercer Airport
366,Great Falls International Airport
367,Toussaint Louverture International Airport
368,Humberto Delgado Airport (Lisbon Portela Airport)
369,Düsseldorf Airport
370,Sir Grantley Adams International Airport
371,Ottawa Macdonald-Cartier International Airport
372,Providenciales Airport
373,Guangzhou Baiyun International Airport
374,Cairo International Airport
375,Tri-Cities Regional TN/VA Airport
376,Boryspil International Airport
377,Vienna International Airport
378,Mc Allen Miller International Airport
379,Bismarck Municipal Airport
380,Budapest Liszt Ferenc International Airport
381,Malpensa International Airport
382,Václav Havel Airport Prague
383,Jorge Newbery Airpark
384,Warsaw Chopin Airport
385,Roberts Field
386,Auckland International Airport
387,Piarco International Airport
388,Cherry Capital Airport
389,Albert J Ellis Airport
390,Edinburgh Airport
391,Lincoln Airport
392,Melbourne International Airport
393,Fairbanks International Airport
394,Jose Maria Córdova International Airport
395,Rafael Hernandez Airport
396,Ramón Villeda Morales International Airport
397,Lafayette Regional Airport
398,Queen Alia International Airport
399,Grand Junction Regional Airport
400,Alfonso Bonilla Aragon International Airport
401,Montgomery Regional (Dannelly Field) Airport
402,OR Tambo International Airport
403,Minot International Airport
404,Atlantic City International Airport
405,Gregorio Luperon International Airport
406,Jomo Kenyatta International Airport
407,V.C. Bird International Airport
408,Murtala Muhammed International Airport
409,L.F. Wade International International Airport
410,Monterey Peninsula Airport
411,Kuala Lumpur International Airport
412,Robert Gray  Army Air Field Airport
413,Shanghai Hongqiao International Airport
414,Peretola Airport
415,Erie International Tom Ridge Field
416,Halifax / Stanfield International Airport
417,Corpus Christi International Airport
418,Imam Khomeini International Airport
419,Lubbock Preston Smith International Airport
420,Midland International Airport
421,Geneva Cointrin International Airport
422,Duluth International Airport
423,Milano Linate Airport
424,University Park Airport
425,Grand Bahama International Airport
426,Sheremetyevo International Airport
427,Winnipeg / James Armstrong Richardson International Airport
428,MBS International Airport
429,Evansville Regional Airport
430,Central Wisconsin Airport
431,Hazrat Shahjalal International Airport
432,General Mariano Escobedo International Airport
433,Kotoka International Airport
434,Greater Binghamton/Edwin A Link field
435,Del Bajío International Airport
436,Beirut Rafic Hariri International Airport
437,Durango La Plata County Airport
438,Sofia Airport
439,Jinnah International Airport
440,Ithaca Tompkins Regional Airport
441,Ngurah Rai (Bali) International Airport
442,Addis Ababa Bole International Airport
443,Tokyo Haneda International Airport
444,Stuttgart Airport
445,Rochester International Airport
446,Elmira Corning Regional Airport
447,Shannon Airport
448,Helsinki Vantaa Airport
449,Tribhuvan International Airport
450,Alexandria International Airport
451,Cochin International Airport
452,Stockholm-Arlanda Airport
453,Glasgow International Airport
454,Mohammed V International Airport
455,Rick Husband Amarillo International Airport
456,London City Airport
457,Meadows Field
458,Helena Regional Airport
459,Alejandro Velasco Astete International Airport
460,Grand Forks International Airport
461,Henri Coandă International Airport
462,Oslo Gardermoen Airport
463,Kalamazoo Battle Creek International Airport
464,Coastal Carolina Regional Airport
465,Alama Iqbal International Airport
466,Valley International Airport
467,Idaho Falls Regional Airport
468,Monroe Regional Airport
469,Keflavik International Airport
470,Domodedovo International Airport
471,Naples International Airport
472,Cape Town International Airport
473,Rafael Nuñez International Airport
474,Mactan Cebu International Airport
475,Aspen-Pitkin Co/Sardy Field
476,Brisbane International Airport
477,Simón Bolívar International Airport
478,General Francisco J. Mujica International Airport
479,San Luis County Regional Airport
480,Soekarno-Hatta International Airport
481,Nice-Côte d'Azur Airport
482,Eagle County Regional Airport
483,King Abdulaziz International Airport
484,General Rafael Buelna International Airport
485,Tirana International Airport Mother Teresa
486,Hamburg Airport
487,Zagreb Airport
488,Benazir Bhutto International Airport
489,Kraków John Paul II International Airport
490,La Crosse Municipal Airport
491,Casper-Natrona County International Airport
492,Belgrade Nikola Tesla Airport
493,Tweed New Haven Airport
494,Netaji Subhash Chandra Bose International Airport
495,Hilton Head Airport
496,Flagstaff Pulliam Airport
497,Yampa Valley Airport
498,Bandaranaike International Colombo Airport
499,Toncontín International Airport
500,London Stansted Airport
501,Ernesto Cortissoz International Airport
502,Pulkovo Airport
503,Quebec Jean Lesage International Airport
504,Carrasco International /General C L Berisso Airport
505,Sloulin Field International Airport
506,Presidente Juscelino Kubistschek International Airport
507,Fort Smith Regional Airport
508,Mercedita Airport
509,Málaga Airport
510,Antonio Rivera Rodriguez Airport
511,Sabiha Gökçen International Airport
512,Phuket International Airport
513,Brownsville South Padre Island International Airport
514,Saskatoon John G. Diefenbaker International Airport
515,Birmingham International Airport
516,Juneau International Airport
517,Santa Fe Municipal Airport
518,Hato International Airport
519,Victoria International Airport
520,Yuma MCAS/Yuma International Airport
521,Lynchburg Regional Preston Glenn Field
522,George F. L. Charles Airport
523,Noi Bai International Airport
524,General Juan N Alvarez International Airport
525,Phnom Penh International Airport
526,Florence Regional Airport
527,Vnukovo International Airport
528,Gimpo International Airport
529,Columbus Metropolitan Airport
530,Regina International Airport
531,Lewiston Nez Perce County Airport
532,Abu Dhabi International Airport
533,St George Municipal Airport
534,Entebbe International Airport
535,Niagara Falls International Airport
536,Charles M. Schulz Sonoma County Airport
537,Ixtapa Zihuatanejo International Airport
538,Abraham Lincoln Capital Airport
539,Faa'a International Airport
540,Juan Manuel Galvez International Airport
541,Kansai International Airport
542,Pitt Greenville Airport
543,Cheddi Jagan International Airport
544,Tri-State/Milton J. Ferguson Field
545,Sawyer International Airport
546,Thessaloniki Macedonia International Airport
547,Laredo International Airport
548,Tancredo Neves International Airport
549,Matecaña International Airport
550,Marseille Provence Airport
551,Valdosta Regional Airport
552,Dothan Regional Airport
553,Salisbury Ocean City Wicomico Regional Airport
554,Berlin-Schönefeld Airport
555,Montrose Regional Airport
556,Perth International Airport
557,Tyler Pounds Regional Airport
558,Easterwood Field
559,Yakima Air Terminal McAllister Field
560,Lyon Saint-Exupéry Airport
561,Point Salines International Airport
562,Bologna Guglielmo Marconi Airport
563,Lake Charles Regional Airport
564,Zvartnots International Airport
565,Taipei Songshan Airport
566,Yellowstone Regional Airport
567,Trivandrum International Airport
568,Naha Airport
569,Bert Mooney Airport
570,Nadi International Airport
571,Jesús Terán Paredo International Airport
572,Plattsburgh International Airport
573,Pangborn Memorial Airport
574,Riga International Airport
575,Vilnius International Airport
576,Nuremberg Airport
577,Licenciado Manuel Crescencio Rejon Int Airport
578,Santos Dumont Airport
579,Xoxocotlán International Airport
580,Fuzhou Changle International Airport
581,Aberdeen Regional Airport
582,California Redwood Coast-Humboldt County Airport
583,Falcone–Borsellino Airport
584,Exuma International Airport
585,Southwest Georgia Regional Airport
586,Francisco de Sá Carneiro Airport
587,Kelowna International Airport
588,Ingeniero Ambrosio Taravella Airport
589,Catania-Fontanarossa Airport
590,Pisa International Airport
591,Afonso Pena Airport
592,Joslin Field Magic Valley Regional Airport
593,Terrance B. Lettsome International Airport
594,General Abelardo L. Rodríguez International Airport
595,Léopold Sédar Senghor International Airport
596,Valencia Airport
597,Gothenburg-Landvetter Airport
598,Chippewa Valley Regional Airport
599,George Best Belfast City Airport
600,Gillette Campbell County Airport
601,St. John's International Airport
602,Lviv International Airport
603,Minsk National Airport
604,Viru Viru International Airport
605,King Khaled International Airport
606,Friedman Memorial Airport
607,Split Airport
608,"Sandefjord Airport, Torp"
609,Ketchikan International Airport
610,Pocatello Regional Airport
611,Kapalua Airport
612,Kuwait International Airport
613,Palma De Mallorca Airport
614,Licenciado Adolfo Lopez Mateos International Airport
615,Robert L. Bradshaw International Airport
616,Deputado Luiz Eduardo Magalhães International Airport
617,Cologne Bonn Airport
618,Sri Guru Ram Dass Jee International Airport
619,Pellston Regional Airport of Emmet County Airport
620,Dubrovnik Airport
621,Kilimanjaro International Airport
622,Rodríguez Ballón International Airport
623,Golden Triangle Regional Airport
624,Rhinelander Oneida County Airport
625,Bemidji Regional Airport
626,Simón Bolívar International Airport
627,Chippewa County International Airport
628,John C. Munro Hamilton International Airport
629,Leonard M Thompson International Airport
630,Southwest Wyoming Regional Airport
631,Sevilla Airport
632,Toulouse-Blagnac Airport
633,Doha International Airport
634,Querétaro Intercontinental Airport
635,Chubu Centrair International Airport
636,Hannover Airport
637,José Martí International Airport
638,Guararapes - Gilberto Freyre International Airport
639,General Heriberto Jara International Airport
640,Brunswick Golden Isles Airport
641,Cork Airport
642,Luxembourg-Findel International Airport
643,Flamingo International Airport
644,Christchurch International Airport
645,Bilbao Airport
646,Santa Maria Pub/Capt G Allan Hancock Field
647,Arnold Palmer Regional Airport
648,Delta County Airport
649,Nantucket Memorial Airport
650,Silvio Pettirossi International Airport
651,Brainerd Lakes Regional Airport
652,Redding Municipal Airport
653,Osaka International Airport
654,EuroAirport Basel-Mulhouse-Freiburg Airport
655,Modesto City Co-Harry Sham Field
656,Salgado Filho Airport
657,Elko Regional Airport
658,Larnaca International Airport
659,Turin Airport
660,Odessa International Airport
661,Muskegon County Airport
662,Falls International Airport
663,Malé International Airport
664,Pinto Martins International Airport
665,London Airport
666,Chengdu Shuangliu International Airport
667,Gunnison Crested Butte Regional Airport
668,El Alto International Airport
669,Williamsport Regional Airport
670,Lanai Airport
671,Alpena County Regional Airport
672,Greater Moncton International Airport
673,Bahrain International Airport
674,Kyiv International Airport
675,Sarajevo International Airport
676,Pullman Moscow Regional Airport
677,Julius Nyerere International Airport
678,Douala International Airport
679,Cedar City Regional Airport
680,Hercílio Luz International Airport
681,Mammoth Yosemite Airport
682,Capitán FAP Guillermo Concha Iberico International Airport
683,Casa De Campo International Airport
684,Houghton County Memorial Airport
685,Khartoum International Airport
686,Ford Airport
687,Esenboğa International Airport
688,Yangon International Airport
689,Bordeaux-Mérignac Airport
690,Malta International Airport
691,Douglas-Charles Airport
692,Santa Genoveva Airport
693,Walla Walla Regional Airport
694,Playa De Oro International Airport
695,Range Regional Airport
696,New Castle Airport
697,Skopje Alexander the Great Airport
698,Molokai Airport
699,Barkley Regional Airport
700,Martha's Vineyard Airport
701,Newcastle Airport
702,King Fahd International Airport
703,Charlottetown Airport
704,Avalon Airport
705,Tunis Carthage International Airport
706,Dickinson Theodore Roosevelt Regional Airport
707,Cheyenne Regional Jerry Olson Field
708,Belfast International Airport
709,Priština International Airport
710,Chiang Mai International Airport
711,Adelaide International Airport
712,Houari Boumediene Airport
713,Genoa Cristoforo Colombo Airport
714,Verona Villafranca Airport
715,Gustavo Rojas Pinilla International Airport
716,Eduardo Gomes International Airport
717,Taoxian Airport
718,Antonio B. Won Pat International Airport
719,Chişinău International Airport
720,El Plumerillo Airport
721,Chico Municipal Airport
722,Leeds Bradford Airport
723,Augusto Severo Airport
724,Southeast Texas Regional Airport
725,Tobago-Crown Point Airport
726,Bora Bora Airport
727,Branson Airport
728,Kearney Regional Airport
729,Four Corners Regional Airport
730,Shenandoah Valley Regional Airport
731,Roberts International Airport
732,Robert Gabriel Mugabe International Airport
733,Telluride Regional Airport
734,Manuel Márquez de León International Airport
735,Congonhas Airport
736,Morgantown Municipal Walter L. Bill Hart Field
737,Tbilisi International Airport
738,Cairns International Airport
739,Santorini Airport
740,Bergen Airport Flesland
741,Mason City Municipal Airport
742,Capitan FAP Carlos Martinez De Pinillos International Airport
743,Menara Airport
744,Lennart Meri Tallinn Airport
745,Bristol Airport
746,Stockholm-Bromma Airport
747,Eurico de Aguiar Salles Airport
748,Ponciano Arriaga International Airport
749,Gimhae International Airport
750,Fukuoka Airport
751,Windsor Airport
752,Sheridan County Airport
753,Muscat International Airport
754,Alicante International Airport
755,Ljubljana Jože Pučnik Airport
756,North Eleuthera Airport
757,Sochi International Airport
758,Lungi International Airport
759,Rabat-Salé Airport
760,Pierre Regional Airport
761,Erbil International Airport
762,Fort McMurray Airport
763,Wellington International Airport
764,Bahías de Huatulco International Airport
765,Francisco Bangoy International Airport
766,Sitka Rocky Gutierrez Airport
767,Aberdeen Dyce Airport
768,Wattay International Airport
769,Liuting Airport
770,Southwest Oregon Regional Airport
771,Wuhan Tianhe International Airport
772,General Ignacio P. Garcia International Airport
773,Thunder Bay Airport
774,Lancaster Airport
775,Pueblo Memorial Airport
776,General Roberto Fierro Villalobos International Airport
777,Crater Lake-Klamath Regional Airport
778,Bremen Airport
779,North Central West Virginia Airport
780,Baghdad International Airport
781,Tupelo Regional Airport
782,Kaohsiung International Airport
783,Copernicus Wrocław Airport
784,Capitan FAP Jose A Quinones Gonzales International Airport
785,Gran Canaria Airport
786,Visalia Municipal Airport
787,General Leobardo C. Ruiz International Airport
788,Coronel FAP Francisco Secada Vignetta International Airport
789,Gdańsk Lech Wałęsa Airport
790,Cluj-Napoca International Airport
791,Port Bouet Airport
792,Lea County Regional Airport
793,Dabolim Airport
794,Diosdado Macapagal International Airport
795,Tenerife Norte Airport
796,Key Field
797,Hagerstown Regional Richard A Henson Field
798,Port Harcourt International Airport
799,Ibiza Airport
800,Mid Ohio Valley Regional Airport
801,Cadete FAP Guillermo Del Castillo Paredes Airport
802,Fredericton Airport
803,Greenbrier Valley Airport
804,Presque Isle International Airport
805,Southend Airport
806,Tashkent International Airport
807,Bari Karol Wojtyła Airport
808,Laramie Regional Airport
809,King Shaka International Airport
810,Loreto International Airport
811,Jack Mc Namara Field Airport
812,Kigali International Airport
813,Hancock County-Bar Harbor Airport
814,Waterloo Airport
815,E. T. Joshua Airport
816,Eugenio Maria De Hostos Airport
817,Worcester Regional Airport
818,Riverton Regional Airport
819,Billund Airport
820,Almaty Airport
821,Cardiff International Airport
822,Ralph Wien Memorial Airport
823,Clayton J Lloyd International Airport
824,Al Maktoum International Airport
825,Kodiak Airport
826,El Eden Airport
827,Hays Regional Airport
828,Hamid Karzai International Airport
829,Cataratas International Airport
830,Treasure Cay Airport
831,Sir Seewoosagur Ramgoolam International Airport
832,Francisco Sarabia International Airport
833,Hermanos Serdán International Airport
834,Grande Prairie Airport
835,Kenneth Kaunda International Airport Lusaka
836,Heydar Aliyev International Airport
837,Saint John Airport
838,Sydney / J.A. Douglas McCurdy Airport
839,Shenzhen Bao'an International Airport
840,Cortez Municipal Airport
841,Deer Lake Airport
842,Banjul International Airport
843,Toledo Express Airport
844,Tenerife South Airport
845,Xi'an Xianyang International Airport
846,Vadodara Airport
847,Prescott Regional Airport - Ernest A. Love Field
848,General Guadalupe Victoria International Airport
849,Yellowstone Airport
850,Zhoushuizi Airport
851,John Murtha Johnstown Cambria County Airport
852,Chongqing Jiangbei International Airport
853,Rzeszów-Jasionka Airport
854,Adnan Menderes International Airport
855,Penang International Airport
856,Dodge City Regional Airport
857,Inca Manco Capac International Airport
858,Governor's Harbour Airport
859,Nnamdi Azikiwe International Airport
860,Salzburg Airport
861,Palonegro Airport
862,Samui Airport
863,Mikonos Airport
864,North Platte Regional Airport Lee Bird Field
865,Dresden Airport
866,Calicut International Airport
867,Altoona Blair County Airport
868,Viracopos International Airport
869,Heraklion International Nikos Kazantzakis Airport
870,Lomé-Tokoin Airport
871,Abbotsford Airport
872,Nanjing Lukou Airport
873,Xiamen Gaoqi International Airport
874,Western Neb. Rgnl/William B. Heilig Airport
875,Timişoara Traian Vuia Airport
876,Iloilo International Airport
877,Siem Reap International Airport
878,Faro Airport
879,Antalya International Airport
880,University of Illinois Willard Airport
881,Waynesville-St. Robert Regional Forney field
882,Middle Georgia Regional Airport
883,Bacolod-Silay Airport
884,Bachigualato Federal International Airport
885,Merced Regional Macready Field
886,Val de Cans/Júlio Cezar Ribeiro International Airport
887,Kenai Municipal Airport
888,Abilene Regional Airport
889,Chicago Rockford International Airport
890,Kunming Wujiaba International Airport
891,Prince George Airport
892,Poznań-Ławica Airport
893,Orlando Sanford International Airport
894,Conakry International Airport
895,Changsha Huanghua International Airport
896,Raleigh County Memorial Airport
897,Da Nang International Airport
898,Liberal Mid-America Regional Airport
899,Vigo Airport
900,Cincinnati Municipal Airport Lunken Field
901,Kalibo International Airport
902,Pune Airport
903,Augusta State Airport
904,Gold Coast Airport
905,Laoag International Airport
906,Podgorica Airport
907,Queenstown International Airport
908,Columbia Regional Airport
909,General Francisco Javier Mina International Airport
910,Ouagadougou Airport
911,Canyonlands Field
912,Camilo Daza International Airport
913,Asmara International Airport
914,Puerto Princesa Airport
915,Trieste–Friuli Venezia Giulia Airport
916,Katowice International Airport
917,Northwest Alabama Regional Airport
918,Kamloops Airport
919,Angel Albino Corzo International Airport
920,Watertown Regional Airport
921,Huron Regional Airport
922,Mariscal Lamar Airport
923,João Paulo II Airport
924,Vance W. Amory International Airport
925,Sudbury Airport
926,Chautauqua County-Jamestown Airport
927,Marechal Rondon Airport
928,Mid Delta Regional Airport
929,Stavanger Airport Sola
930,Ndjili International Airport
931,Lebanon Municipal Airport
932,Koltsovo Airport
933,San Luis Valley Regional Bergman Field
934,Chinggis Khaan International Airport
935,Coimbatore International Airport
936,Ivato Airport
937,Seymour Airport
938,Yaoundé Nsimalen International Airport
939,San Carlos De Bariloche Airport
940,Hosea Kutako International Airport
941,Montpellier-Méditerranée Airport
942,Abraham González International Airport
943,Zhengzhou Xinzheng International Airport
944,Leipzig/Halle Airport
945,DuBois Regional Airport
946,Coronel FAP Carlos Ciriani Santa Rosa International Airport
947,Arturo Michelena International Airport
948,Vishakhapatnam Airport
949,Nanaimo Airport
950,Barnstable Municipal Boardman Polando Field
951,Federico Garcia Lorca Airport
952,Martinique Aimé Césaire International Airport
953,Juan Gualberto Gomez International Airport
954,Canberra International Airport
955,Carlos Rovirosa Pérez International Airport
956,Owensboro Daviess County Airport
957,Capitan FAP Pedro Canga Rodriguez Airport
958,Seychelles International Airport
959,Al Najaf International Airport
960,Waco Regional Airport
961,Fort Dodge Regional Airport
962,Lamezia Terme Airport
963,Kingman Airport
964,Yellowknife Airport
965,Zumbi dos Palmares Airport
966,A Coruña Airport
967,New Chitose Airport
968,Quatro de Fevereiro Airport
969,Manhattan Regional Airport
970,Pdte. Carlos Ibañez del Campo Airport
971,Nantes Atlantique Airport
972,Page Municipal Airport
973,Macau International Airport
974,Rutland - Southern Vermont Regional Airport
975,Modibo Keita International Airport
976,Hangzhou Xiaoshan International Airport
977,Gustaf III Airport
978,La Chinita International Airport
979,Tolmachevo Airport
980,Wenzhou Longwan International Airport
981,Nanning Wuxu Airport
982,Borg El Arab International Airport
983,Aalborg Airport
984,Graz Airport
985,Jerez Airport
986,Provincetown Municipal Airport
987,Topeka Regional Airport - Forbes Field
988,Vernal Regional Airport
989,Madeira Airport
990,Sidney - Richland Regional Airport
991,Campo Grande Airport
992,Gerrard Smith International Airport
993,Krasnodar Pashkovsky International Airport
994,Strasbourg Airport
995,Innsbruck Airport
996,Saipan International Airport
997,Juanda International Airport
998,Ástor Piazzola International Airport
999,Sana'a International Airport
1000,Prince Mohammad Bin Abdulaziz Airport
1001,Hobart International Airport
1002,Governador José Richa Airport
1003,Whitehorse / Erik Nielsen International Airport
1004,Mayor General FAP Armando Revoredo Iglesias Airport
1005,Santiago de Compostela Airport
1006,Cadjehoun Airport
1007,Cap FAP David Abenzur Rengifo International Airport
1008,Porto Seguro Airport
1009,Sir Seretse Khama International Airport
1010,Cataratas Del Iguazú International Airport
1011,Comox Airport
1012,Presidente Castro Pinto International Airport
1013,Hattiesburg Laurel Regional Airport
1014,Kota Kinabalu International Airport
1015,Jaipur International Airport
1016,Victoria Regional Airport
1017,Padre Aldamiz International Airport
1018,Johan Adolf Pengel International Airport
1019,Williamson County Regional Airport
1020,Dnipropetrovsk International Airport
1021,Manas International Airport
1022,Rotterdam The Hague Airport
1023,Bethel Airport
